Workbook

Sheet Guide
A1: Affiliate Marketing Growth & Tracking
A2: Excel tracker: which affiliate products and platforms get clicks and earn commission
A4: What this workbook does
B5: You log each promoted product once per row. The sheet works out commission, click-through rate, conversion and earnings per click, then marks each product Keep, Watch or Drop. Everything on Summary and in the charts is a formula, so it changes the moment you change a number.
A6: How to use it
A7: 1 | B7: Go to the Tracker sheet. Type in the yellow input columns A to H (blue text). Columns I to N fill in by themselves. There is room for 300 rows.
A8: 2 | B8: On Settings, change the cut-off numbers and the platform and category names if you need to.
A9: 3 | B9: Open the Summary sheet to compare platforms and categories and to see the Keep / Watch / Drop counts.
A10: Column meanings
A11: Post Views | B11: How many people saw the post or video.
A12: Clicks | B12: Clicks on the affiliate link.
A13: Orders | B13: Orders that came from those clicks.
A14: Commission per order | B14: What you earn on one order, in rupees. It can differ by product and platform.
A15: Commission | B15: Orders multiplied by Commission per order. It updates when you change Orders.
A16: CTR | B16: Clicks divided by Post Views.
A17: Conversion | B17: Orders divided by Clicks.
A18: Earnings per click | B18: Commission divided by Clicks.
A19: Data check | B19: Says Check numbers if Clicks are more than Post Views, Orders are more than Clicks, or any number is negative.
A20: Decision rules
A21: Need more data | B21: Clicks are below the minimum on the Settings sheet, so the numbers are too small to judge.
A22: Keep | B22: Conversion and earnings per click are both at or above the targets.
A23: Drop | B23: Both are below the targets.
A24: Watch | B24: One is above target and one is below.
A25: Summary sheet
A26: Other row | B26: Anything with a platform or category that is not on the Settings lists lands in the Other row, so the totals always match the Tracker.
A27: IMPORTANT
B28: The 30 rows in this file are SAMPLE DATA made up to show how the tracker works. They are not real results. Delete them and enter your own before drawing any conclusion.
A30: Colour legend
A31: Blue text, yellow cell | B31: Type here (inputs).
A32: Black text | B32: Formula. Do not type here.

Sheet Summary
A1: Summary
A2: Every number here is a formula built from the Tracker. Change the Tracker or Settings and this page and its charts update.
A3: =IF(COUNTIF(Tracker!$N$5:$N$304,"Check numbers")=0,"Data check: all rows OK",COUNTIF(Tracker!$N$5:$N$304,"Check numbers")&" row(s) on Tracker need checking") -> Data check: all rows OK
A5: By platform
A6: Platform | B6: Posts | C6: Post Views | D6: Clicks | E6: Orders | F6: Commission (₹) | G6: CTR | H6: Conversion | I6: Earnings per click (₹) | J6: Share of commission
A7: =IF(Settings!$E$5="","",Settings!$E$5) -> Meesho | B7: =IF($A7="","",COUNTIFS(Tracker!$B$5:$B$304,$A7,Tracker!$C$5:$C$304,"<>")) -> 12 | C7: =IF($A7="","",SUMIFS(Tracker!$E$5:$E$304,Tracker!$B$5:$B$304,$A7)) -> 35096 | D7: =IF($A7="","",SUMIFS(Tracker!$F$5:$F$304,Tracker!$B$5:$B$304,$A7)) -> 539 | E7: =IF($A7="","",SUMIFS(Tracker!$G$5:$G$304,Tracker!$B$5:$B$304,$A7)) -> 17 | F7: =IF($A7="","",SUMIFS(Tracker!$I$5:$I$304,Tracker!$B$5:$B$304,$A7)) -> 1145 | G7: =IF($A7="","",IF(C7>0,D7/C7,0)) -> 0.015357876 | H7: =IF($A7="","",IF(D7>0,E7/D7,0)) -> 0.031539889 | I7: =IF($A7="","",IF(D7>0,F7/D7,0)) -> 2.1243043 | J7: =IF($A7="","",IF($F$11>0,F7/$F$11,0)) -> 0.34940494
A8: =IF(Settings!$E$6="","",Settings!$E$6) -> EarnKaro | B8: =IF($A8="","",COUNTIFS(Tracker!$B$5:$B$304,$A8,Tracker!$C$5:$C$304,"<>")) -> 12 | C8: =IF($A8="","",SUMIFS(Tracker!$E$5:$E$304,Tracker!$B$5:$B$304,$A8)) -> 30120 | D8: =IF($A8="","",SUMIFS(Tracker!$F$5:$F$304,Tracker!$B$5:$B$304,$A8)) -> 489 | E8: =IF($A8="","",SUMIFS(Tracker!$G$5:$G$304,Tracker!$B$5:$B$304,$A8)) -> 18 | F8: =IF($A8="","",SUMIFS(Tracker!$I$5:$I$304,Tracker!$B$5:$B$304,$A8)) -> 1023 | G8: =IF($A8="","",IF(C8>0,D8/C8,0)) -> 0.01623506 | H8: =IF($A8="","",IF(D8>0,E8/D8,0)) -> 0.036809816 | I8: =IF($A8="","",IF(D8>0,F8/D8,0)) -> 2.0920245 | J8: =IF($A8="","",IF($F$11>0,F8/$F$11,0)) -> 0.31217577
A9: =IF(Settings!$E$7="","",Settings!$E$7) -> Flipkart | B9: =IF($A9="","",COUNTIFS(Tracker!$B$5:$B$304,$A9,Tracker!$C$5:$C$304,"<>")) -> 6 | C9: =IF($A9="","",SUMIFS(Tracker!$E$5:$E$304,Tracker!$B$5:$B$304,$A9)) -> 13765 | D9: =IF($A9="","",SUMIFS(Tracker!$F$5:$F$304,Tracker!$B$5:$B$304,$A9)) -> 329 | E9: =IF($A9="","",SUMIFS(Tracker!$G$5:$G$304,Tracker!$B$5:$B$304,$A9)) -> 14 | F9: =IF($A9="","",SUMIFS(Tracker!$I$5:$I$304,Tracker!$B$5:$B$304,$A9)) -> 1109 | G9: =IF($A9="","",IF(C9>0,D9/C9,0)) -> 0.023901199 | H9: =IF($A9="","",IF(D9>0,E9/D9,0)) -> 0.042553191 | I9: =IF($A9="","",IF(D9>0,F9/D9,0)) -> 3.3708207 | J9: =IF($A9="","",IF($F$11>0,F9/$F$11,0)) -> 0.33841929
A10: Other (not on Settings list) | B10: =B11-SUM(B7:B9) -> 0 | C10: =C11-SUM(C7:C9) -> 0 | D10: =D11-SUM(D7:D9) -> 0 | E10: =E11-SUM(E7:E9) -> 0 | F10: =F11-SUM(F7:F9) -> 0 | G10: =IF(FALSE(),"",IF(C10>0,D10/C10,0)) -> 0 | H10: =IF(FALSE(),"",IF(D10>0,E10/D10,0)) -> 0 | I10: =IF(FALSE(),"",IF(D10>0,F10/D10,0)) -> 0 | J10: =IF(FALSE(),"",IF($F$11>0,F10/$F$11,0)) -> 0
A11: Total | B11: =COUNTIF(Tracker!$C$5:$C$304,"<>") -> 30 | C11: =SUM(Tracker!$E$5:$E$304) -> 78981 | D11: =SUM(Tracker!$F$5:$F$304) -> 1357 | E11: =SUM(Tracker!$G$5:$G$304) -> 49 | F11: =SUM(Tracker!$I$5:$I$304) -> 3277 | G11: =IF(FALSE(),"",IF(C11>0,D11/C11,0)) -> 0.017181347 | H11: =IF(FALSE(),"",IF(D11>0,E11/D11,0)) -> 0.036109064 | I11: =IF(FALSE(),"",IF(D11>0,F11/D11,0)) -> 2.4148858 | J11: =IF(FALSE(),"",IF($F$11>0,F11/$F$11,0)) -> 1
A13: By category
A14: Category | B14: Posts | C14: Post Views | D14: Clicks | E14: Orders | F14: Commission (₹) | G14: CTR | H14: Conversion | I14: Earnings per click (₹) | J14: Share of commission
A15: =IF(Settings!$F$5="","",Settings!$F$5) -> Fashion | B15: =IF($A15="","",COUNTIFS(Tracker!$D$5:$D$304,$A15,Tracker!$C$5:$C$304,"<>")) -> 10 | C15: =IF($A15="","",SUMIFS(Tracker!$E$5:$E$304,Tracker!$D$5:$D$304,$A15)) -> 25030 | D15: =IF($A15="","",SUMIFS(Tracker!$F$5:$F$304,Tracker!$D$5:$D$304,$A15)) -> 438 | E15: =IF($A15="","",SUMIFS(Tracker!$G$5:$G$304,Tracker!$D$5:$D$304,$A15)) -> 9 | F15: =IF($A15="","",SUMIFS(Tracker!$I$5:$I$304,Tracker!$D$5:$D$304,$A15)) -> 652 | G15: =IF($A15="","",IF(C15>0,D15/C15,0)) -> 0.017499001 | H15: =IF($A15="","",IF(D15>0,E15/D15,0)) -> 0.020547945 | I15: =IF($A15="","",IF(D15>0,F15/D15,0)) -> 1.4885845 | J15: =IF($A15="","",IF($F$24>0,F15/$F$24,0)) -> 0.19896247
A16: =IF(Settings!$F$6="","",Settings!$F$6) -> Home & Kitchen | B16: =IF($A16="","",COUNTIFS(Tracker!$D$5:$D$304,$A16,Tracker!$C$5:$C$304,"<>")) -> 8 | C16: =IF($A16="","",SUMIFS(Tracker!$E$5:$E$304,Tracker!$D$5:$D$304,$A16)) -> 19573 | D16: =IF($A16="","",SUMIFS(Tracker!$F$5:$F$304,Tracker!$D$5:$D$304,$A16)) -> 392 | E16: =IF($A16="","",SUMIFS(Tracker!$G$5:$G$304,Tracker!$D$5:$D$304,$A16)) -> 22 | F16: =IF($A16="","",SUMIFS(Tracker!$I$5:$I$304,Tracker!$D$5:$D$304,$A16)) -> 1398 | G16: =IF($A16="","",IF(C16>0,D16/C16,0)) -> 0.020027589 | H16: =IF($A16="","",IF(D16>0,E16/D16,0)) -> 0.056122449 | I16: =IF($A16="","",IF(D16>0,F16/D16,0)) -> 3.5663265 | J16: =IF($A16="","",IF($F$24>0,F16/$F$24,0)) -> 0.4266097
A17: =IF(Settings!$F$7="","",Settings!$F$7) -> Beauty | B17: =IF($A17="","",COUNTIFS(Tracker!$D$5:$D$304,$A17,Tracker!$C$5:$C$304,"<>")) -> 6 | C17: =IF($A17="","",SUMIFS(Tracker!$E$5:$E$304,Tracker!$D$5:$D$304,$A17)) -> 16911 | D17: =IF($A17="","",SUMIFS(Tracker!$F$5:$F$304,Tracker!$D$5:$D$304,$A17)) -> 216 | E17: =IF($A17="","",SUMIFS(Tracker!$G$5:$G$304,Tracker!$D$5:$D$304,$A17)) -> 5 | F17: =IF($A17="","",SUMIFS(Tracker!$I$5:$I$304,Tracker!$D$5:$D$304,$A17)) -> 275 | G17: =IF($A17="","",IF(C17>0,D17/C17,0)) -> 0.012772751 | H17: =IF($A17="","",IF(D17>0,E17/D17,0)) -> 0.023148148 | I17: =IF($A17="","",IF(D17>0,F17/D17,0)) -> 1.2731481 | J17: =IF($A17="","",IF($F$24>0,F17/$F$24,0)) -> 0.083918218
A18: =IF(Settings!$F$8="","",Settings!$F$8) -> Gadgets | B18: =IF($A18="","",COUNTIFS(Tracker!$D$5:$D$304,$A18,Tracker!$C$5:$C$304,"<>")) -> 6 | C18: =IF($A18="","",SUMIFS(Tracker!$E$5:$E$304,Tracker!$D$5:$D$304,$A18)) -> 17467 | D18: =IF($A18="","",SUMIFS(Tracker!$F$5:$F$304,Tracker!$D$5:$D$304,$A18)) -> 311 | E18: =IF($A18="","",SUMIFS(Tracker!$G$5:$G$304,Tracker!$D$5:$D$304,$A18)) -> 13 | F18: =IF($A18="","",SUMIFS(Tracker!$I$5:$I$304,Tracker!$D$5:$D$304,$A18)) -> 952 | G18: =IF($A18="","",IF(C18>0,D18/C18,0)) -> 0.017805004 | H18: =IF($A18="","",IF(D18>0,E18/D18,0)) -> 0.041800643 | I18: =IF($A18="","",IF(D18>0,F18/D18,0)) -> 3.0610932 | J18: =IF($A18="","",IF($F$24>0,F18/$F$24,0)) -> 0.29050961
A19: =IF(Settings!$F$9="","",Settings!$F$9) | B19: =IF($A19="","",COUNTIFS(Tracker!$D$5:$D$304,$A19,Tracker!$C$5:$C$304,"<>")) | C19: =IF($A19="","",SUMIFS(Tracker!$E$5:$E$304,Tracker!$D$5:$D$304,$A19)) | D19: =IF($A19="","",SUMIFS(Tracker!$F$5:$F$304,Tracker!$D$5:$D$304,$A19)) | E19: =IF($A19="","",SUMIFS(Tracker!$G$5:$G$304,Tracker!$D$5:$D$304,$A19)) | F19: =IF($A19="","",SUMIFS(Tracker!$I$5:$I$304,Tracker!$D$5:$D$304,$A19)) | G19: =IF($A19="","",IF(C19>0,D19/C19,0)) | H19: =IF($A19="","",IF(D19>0,E19/D19,0)) | I19: =IF($A19="","",IF(D19>0,F19/D19,0)) | J19: =IF($A19="","",IF($F$24>0,F19/$F$24,0))
A20: =IF(Settings!$F$10="","",Settings!$F$10) | B20: =IF($A20="","",COUNTIFS(Tracker!$D$5:$D$304,$A20,Tracker!$C$5:$C$304,"<>")) | C20: =IF($A20="","",SUMIFS(Tracker!$E$5:$E$304,Tracker!$D$5:$D$304,$A20)) | D20: =IF($A20="","",SUMIFS(Tracker!$F$5:$F$304,Tracker!$D$5:$D$304,$A20)) | E20: =IF($A20="","",SUMIFS(Tracker!$G$5:$G$304,Tracker!$D$5:$D$304,$A20)) | F20: =IF($A20="","",SUMIFS(Tracker!$I$5:$I$304,Tracker!$D$5:$D$304,$A20)) | G20: =IF($A20="","",IF(C20>0,D20/C20,0)) | H20: =IF($A20="","",IF(D20>0,E20/D20,0)) | I20: =IF($A20="","",IF(D20>0,F20/D20,0)) | J20: =IF($A20="","",IF($F$24>0,F20/$F$24,0))
A21: =IF(Settings!$F$11="","",Settings!$F$11) | B21: =IF($A21="","",COUNTIFS(Tracker!$D$5:$D$304,$A21,Tracker!$C$5:$C$304,"<>")) | C21: =IF($A21="","",SUMIFS(Tracker!$E$5:$E$304,Tracker!$D$5:$D$304,$A21)) | D21: =IF($A21="","",SUMIFS(Tracker!$F$5:$F$304,Tracker!$D$5:$D$304,$A21)) | E21: =IF($A21="","",SUMIFS(Tracker!$G$5:$G$304,Tracker!$D$5:$D$304,$A21)) | F21: =IF($A21="","",SUMIFS(Tracker!$I$5:$I$304,Tracker!$D$5:$D$304,$A21)) | G21: =IF($A21="","",IF(C21>0,D21/C21,0)) | H21: =IF($A21="","",IF(D21>0,E21/D21,0)) | I21: =IF($A21="","",IF(D21>0,F21/D21,0)) | J21: =IF($A21="","",IF($F$24>0,F21/$F$24,0))
A22: =IF(Settings!$F$12="","",Settings!$F$12) | B22: =IF($A22="","",COUNTIFS(Tracker!$D$5:$D$304,$A22,Tracker!$C$5:$C$304,"<>")) | C22: =IF($A22="","",SUMIFS(Tracker!$E$5:$E$304,Tracker!$D$5:$D$304,$A22)) | D22: =IF($A22="","",SUMIFS(Tracker!$F$5:$F$304,Tracker!$D$5:$D$304,$A22)) | E22: =IF($A22="","",SUMIFS(Tracker!$G$5:$G$304,Tracker!$D$5:$D$304,$A22)) | F22: =IF($A22="","",SUMIFS(Tracker!$I$5:$I$304,Tracker!$D$5:$D$304,$A22)) | G22: =IF($A22="","",IF(C22>0,D22/C22,0)) | H22: =IF($A22="","",IF(D22>0,E22/D22,0)) | I22: =IF($A22="","",IF(D22>0,F22/D22,0)) | J22: =IF($A22="","",IF($F$24>0,F22/$F$24,0))
A23: Other (not on Settings list) | B23: =B24-SUM(B15:B22) -> 0 | C23: =C24-SUM(C15:C22) -> 0 | D23: =D24-SUM(D15:D22) -> 0 | E23: =E24-SUM(E15:E22) -> 0 | F23: =F24-SUM(F15:F22) -> 0 | G23: =IF(FALSE(),"",IF(C23>0,D23/C23,0)) -> 0 | H23: =IF(FALSE(),"",IF(D23>0,E23/D23,0)) -> 0 | I23: =IF(FALSE(),"",IF(D23>0,F23/D23,0)) -> 0 | J23: =IF(FALSE(),"",IF($F$24>0,F23/$F$24,0)) -> 0
A24: Total | B24: =COUNTIF(Tracker!$C$5:$C$304,"<>") -> 30 | C24: =SUM(Tracker!$E$5:$E$304) -> 78981 | D24: =SUM(Tracker!$F$5:$F$304) -> 1357 | E24: =SUM(Tracker!$G$5:$G$304) -> 49 | F24: =SUM(Tracker!$I$5:$I$304) -> 3277 | G24: =IF(FALSE(),"",IF(C24>0,D24/C24,0)) -> 0.017181347 | H24: =IF(FALSE(),"",IF(D24>0,E24/D24,0)) -> 0.036109064 | I24: =IF(FALSE(),"",IF(D24>0,F24/D24,0)) -> 2.4148858 | J24: =IF(FALSE(),"",IF($F$24>0,F24/$F$24,0)) -> 1
A26: Decisions
A27: Decision | B27: Products
A28: Keep | B28: =COUNTIF(Tracker!$M$5:$M$304,A28) -> 10
A29: Watch | B29: =COUNTIF(Tracker!$M$5:$M$304,A29) -> 3
A30: Drop | B30: =COUNTIF(Tracker!$M$5:$M$304,A30) -> 6
A31: Need more data | B31: =COUNTIF(Tracker!$M$5:$M$304,A31) -> 11

Sheet Settings
A1: Settings
A2: Change the yellow cells. The Tracker and Summary update automatically.
A4: Setting | B4: Value | C4: Note | E4: Platform names | F4: Category names
A5: Minimum clicks to judge a product | B5: 30 | C5: Below this, the product is marked Need more data. | E5: Meesho | F5: Fashion
A6: Target conversion rate (orders / clicks) | B6: 0.04 | C6: Assumption set by the author; adjust to your own goal. | E6: EarnKaro | F6: Home & Kitchen
A7: Target earnings per click (₹) | B7: 1.5 | C7: Assumption set by the author; adjust to your own goal. | E7: Flipkart | F7: Beauty
F8: Gadgets
E14: These names fill the Platform and Category dropdowns on Tracker and the tables on Summary.

Sheet Tracker
A1: Tracker: one row per promoted product
A2: SAMPLE DATA: made-up numbers to show how the tracker works. Replace with your own.
A4: Date | B4: Platform | C4: Product | D4: Category | E4: Post Views | F4: Clicks | G4: Orders | H4: Commission per order (₹) | I4: Commission (₹) | J4: CTR | K4: Conversion | L4: Earnings per click (₹) | M4: Decision | N4: Data check
A5: 46235 | B5: Meesho | C5: Cotton Kurti Set | D5: Fashion | E5: 1414 | F5: 48 | G5: 2 | H5: 92 | I5: =IF($C5="","",G5*H5) -> 184 | J5: =IF(AND($C5<>"",E5>0),F5/E5,"") -> 0.033946252 | K5: =IF(AND($C5<>"",F5>0),G5/F5,"") -> 0.041666667 | L5: =IF(AND($C5<>"",F5>0),I5/F5,"") -> 3.8333333 | M5: =IF($C5="","",IF(OR(F5=0,F5<Settings!$B$5),"Need more data",IF(AND(K5>=Settings!$B$6,L5>=Settings!$B$7),"Keep",IF(AND(K5<Settings!$B$6,L5<Settings!$B$7),"Drop","Watch")))) -> Keep | N5: =IF($C5="","",IF(OR(F5>E5,G5>F5,E5<0,F5<0,G5<0,H5<0),"Check numbers","OK")) -> OK
A6: 46237 | B6: EarnKaro | C6: Printed Saree | D6: Fashion | E6: 906 | F6: 15 | G6: 0 | H6: 46 | I6: =IF($C6="","",G6*H6) -> 0 | J6: =IF(AND($C6<>"",E6>0),F6/E6,"") -> 0.016556291 | K6: =IF(AND($C6<>"",F6>0),G6/F6,"") -> 0 | L6: =IF(AND($C6<>"",F6>0),I6/F6,"") -> 0 | M6: =IF($C6="","",IF(OR(F6=0,F6<Settings!$B$5),"Need more data",IF(AND(K6>=Settings!$B$6,L6>=Settings!$B$7),"Keep",IF(AND(K6<Settings!$B$6,L6<Settings!$B$7),"Drop","Watch")))) -> Need more data | N6: =IF($C6="","",IF(OR(F6>E6,G6>F6,E6<0,F6<0,G6<0,H6<0),"Check numbers","OK")) -> OK
A7: 46239 | B7: Flipkart | C7: Men's Casual Shirt | D7: Fashion | E7: 781 | F7: 27 | G7: 0 | H7: 71 | I7: =IF($C7="","",G7*H7) -> 0 | J7: =IF(AND($C7<>"",E7>0),F7/E7,"") -> 0.034571063 | K7: =IF(AND($C7<>"",F7>0),G7/F7,"") -> 0 | L7: =IF(AND($C7<>"",F7>0),I7/F7,"") -> 0 | M7: =IF($C7="","",IF(OR(F7=0,F7<Settings!$B$5),"Need more data",IF(AND(K7>=Settings!$B$6,L7>=Settings!$B$7),"Keep",IF(AND(K7<Settings!$B$6,L7<Settings!$B$7),"Drop","Watch")))) -> Need more data | N7: =IF($C7="","",IF(OR(F7>E7,G7>F7,E7<0,F7<0,G7<0,H7<0),"Check numbers","OK")) -> OK
A8: 46241 | B8: Meesho | C8: Kids Ethnic Wear | D8: Fashion | E8: 1581 | F8: 22 | G8: 0 | H8: 89 | I8: =IF($C8="","",G8*H8) -> 0 | J8: =IF(AND($C8<>"",E8>0),F8/E8,"") -> 0.013915244 | K8: =IF(AND($C8<>"",F8>0),G8/F8,"") -> 0 | L8: =IF(AND($C8<>"",F8>0),I8/F8,"") -> 0 | M8: =IF($C8="","",IF(OR(F8=0,F8<Settings!$B$5),"Need more data",IF(AND(K8>=Settings!$B$6,L8>=Settings!$B$7),"Keep",IF(AND(K8<Settings!$B$6,L8<Settings!$B$7),"Drop","Watch")))) -> Need more data | N8: =IF($C8="","",IF(OR(F8>E8,G8>F8,E8<0,F8<0,G8<0,H8<0),"Check numbers","OK")) -> OK
A9: 46243 | B9: EarnKaro | C9: Kitchen Organizer Set | D9: Home & Kitchen | E9: 1880 | F9: 26 | G9: 1 | H9: 42 | I9: =IF($C9="","",G9*H9) -> 42 | J9: =IF(AND($C9<>"",E9>0),F9/E9,"") -> 0.013829787 | K9: =IF(AND($C9<>"",F9>0),G9/F9,"") -> 0.038461538 | L9: =IF(AND($C9<>"",F9>0),I9/F9,"") -> 1.6153846 | M9: =IF($C9="","",IF(OR(F9=0,F9<Settings!$B$5),"Need more data",IF(AND(K9>=Settings!$B$6,L9>=Settings!$B$7),"Keep",IF(AND(K9<Settings!$B$6,L9<Settings!$B$7),"Drop","Watch")))) -> Need more data | N9: =IF($C9="","",IF(OR(F9>E9,G9>F9,E9<0,F9<0,G9<0,H9<0),"Check numbers","OK")) -> OK
A10: 46245 | B10: Meesho | C10: Non-stick Tawa | D10: Home & Kitchen | E10: 3450 | F10: 38 | G10: 2 | H10: 90 | I10: =IF($C10="","",G10*H10) -> 180 | J10: =IF(AND($C10<>"",E10>0),F10/E10,"") -> 0.011014493 | K10: =IF(AND($C10<>"",F10>0),G10/F10,"") -> 0.052631579 | L10: =IF(AND($C10<>"",F10>0),I10/F10,"") -> 4.7368421 | M10: =IF($C10="","",IF(OR(F10=0,F10<Settings!$B$5),"Need more data",IF(AND(K10>=Settings!$B$6,L10>=Settings!$B$7),"Keep",IF(AND(K10<Settings!$B$6,L10<Settings!$B$7),"Drop","Watch")))) -> Keep | N10: =IF($C10="","",IF(OR(F10>E10,G10>F10,E10<0,F10<0,G10<0,H10<0),"Check numbers","OK")) -> OK
A11: 46247 | B11: EarnKaro | C11: Storage Containers | D11: Home & Kitchen | E11: 888 | F11: 13 | G11: 0 | H11: 86 | I11: =IF($C11="","",G11*H11) -> 0 | J11: =IF(AND($C11<>"",E11>0),F11/E11,"") -> 0.01463964 | K11: =IF(AND($C11<>"",F11>0),G11/F11,"") -> 0 | L11: =IF(AND($C11<>"",F11>0),I11/F11,"") -> 0 | M11: =IF($C11="","",IF(OR(F11=0,F11<Settings!$B$5),"Need more data",IF(AND(K11>=Settings!$B$6,L11>=Settings!$B$7),"Keep",IF(AND(K11<Settings!$B$6,L11<Settings!$B$7),"Drop","Watch")))) -> Need more data | N11: =IF($C11="","",IF(OR(F11>E11,G11>F11,E11<0,F11<0,G11<0,H11<0),"Check numbers","OK")) -> OK
A12: 46249 | B12: Flipkart | C12: Bedsheet Combo | D12: Home & Kitchen | E12: 3902 | F12: 146 | G12: 7 | H12: 76 | I12: =IF($C12="","",G12*H12) -> 532 | J12: =IF(AND($C12<>"",E12>0),F12/E12,"") -> 0.037416709 | K12: =IF(AND($C12<>"",F12>0),G12/F12,"") -> 0.047945205 | L12: =IF(AND($C12<>"",F12>0),I12/F12,"") -> 3.6438356 | M12: =IF($C12="","",IF(OR(F12=0,F12<Settings!$B$5),"Need more data",IF(AND(K12>=Settings!$B$6,L12>=Settings!$B$7),"Keep",IF(AND(K12<Settings!$B$6,L12<Settings!$B$7),"Drop","Watch")))) -> Keep | N12: =IF($C12="","",IF(OR(F12>E12,G12>F12,E12<0,F12<0,G12<0,H12<0),"Check numbers","OK")) -> OK
A13: 46251 | B13: Meesho | C13: Face Serum | D13: Beauty | E13: 3362 | F13: 30 | G13: 1 | H13: 49 | I13: =IF($C13="","",G13*H13) -> 49 | J13: =IF(AND($C13<>"",E13>0),F13/E13,"") -> 0.00892326 | K13: =IF(AND($C13<>"",F13>0),G13/F13,"") -> 0.033333333 | L13: =IF(AND($C13<>"",F13>0),I13/F13,"") -> 1.6333333 | M13: =IF($C13="","",IF(OR(F13=0,F13<Settings!$B$5),"Need more data",IF(AND(K13>=Settings!$B$6,L13>=Settings!$B$7),"Keep",IF(AND(K13<Settings!$B$6,L13<Settings!$B$7),"Drop","Watch")))) -> Watch | N13: =IF($C13="","",IF(OR(F13>E13,G13>F13,E13<0,F13<0,G13<0,H13<0),"Check numbers","OK")) -> OK
A14: 46253 | B14: EarnKaro | C14: Hair Oil Combo | D14: Beauty | E14: 1070 | F14: 29 | G14: 1 | H14: 61 | I14: =IF($C14="","",G14*H14) -> 61 | J14: =IF(AND($C14<>"",E14>0),F14/E14,"") -> 0.027102804 | K14: =IF(AND($C14<>"",F14>0),G14/F14,"") -> 0.034482759 | L14: =IF(AND($C14<>"",F14>0),I14/F14,"") -> 2.1034483 | M14: =IF($C14="","",IF(OR(F14=0,F14<Settings!$B$5),"Need more data",IF(AND(K14>=Settings!$B$6,L14>=Settings!$B$7),"Keep",IF(AND(K14<Settings!$B$6,L14<Settings!$B$7),"Drop","Watch")))) -> Need more data | N14: =IF($C14="","",IF(OR(F14>E14,G14>F14,E14<0,F14<0,G14<0,H14<0),"Check numbers","OK")) -> OK
A15: 46255 | B15: Meesho | C15: Lipstick Pack | D15: Beauty | E15: 4076 | F15: 39 | G15: 1 | H15: 33 | I15: =IF($C15="","",G15*H15) -> 33 | J15: =IF(AND($C15<>"",E15>0),F15/E15,"") -> 0.0095682041 | K15: =IF(AND($C15<>"",F15>0),G15/F15,"") -> 0.025641026 | L15: =IF(AND($C15<>"",F15>0),I15/F15,"") -> 0.84615385 | M15: =IF($C15="","",IF(OR(F15=0,F15<Settings!$B$5),"Need more data",IF(AND(K15>=Settings!$B$6,L15>=Settings!$B$7),"Keep",IF(AND(K15<Settings!$B$6,L15<Settings!$B$7),"Drop","Watch")))) -> Drop | N15: =IF($C15="","",IF(OR(F15>E15,G15>F15,E15<0,F15<0,G15<0,H15<0),"Check numbers","OK")) -> OK
A16: 46257 | B16: EarnKaro | C16: Bluetooth Earbuds | D16: Gadgets | E16: 3825 | F16: 30 | G16: 0 | H16: 80 | I16: =IF($C16="","",G16*H16) -> 0 | J16: =IF(AND($C16<>"",E16>0),F16/E16,"") -> 0.0078431373 | K16: =IF(AND($C16<>"",F16>0),G16/F16,"") -> 0 | L16: =IF(AND($C16<>"",F16>0),I16/F16,"") -> 0 | M16: =IF($C16="","",IF(OR(F16=0,F16<Settings!$B$5),"Need more data",IF(AND(K16>=Settings!$B$6,L16>=Settings!$B$7),"Keep",IF(AND(K16<Settings!$B$6,L16<Settings!$B$7),"Drop","Watch")))) -> Drop | N16: =IF($C16="","",IF(OR(F16>E16,G16>F16,E16<0,F16<0,G16<0,H16<0),"Check numbers","OK")) -> OK
... A34: 46293 | B34: EarnKaro | C34: Printed Saree | D34: Fashion | E34: 3680 | F34: 26 | G34: 0 | H34: 44 | I34: =IF($C34="","",G34*H34) -> 0 | J34: =IF(AND($C34<>"",E34>0),F34/E34,"") -> 0.0070652174 | K34: =IF(AND($C34<>"",F34>0),G34/F34,"") -> 0 | L34: =IF(AND($C34<>"",F34>0),I34/F34,"") -> 0 | M34: =IF($C34="","",IF(OR(F34=0,F34<Settings!$B$5),"Need more data",IF(AND(K34>=Settings!$B$6,L34>=Settings!$B$7),"Keep",IF(AND(K34<Settings!$B$6,L34<Settings!$B$7),"Drop","Watch")))) -> Need more data | N34: =IF($C34="","",IF(OR(F34>E34,G34>F34,E34<0,F34<0,G34<0,H34<0),"Check numbers","OK")) -> OK
I35: =IF($C35="","",G35*H35) | J35: =IF(AND($C35<>"",E35>0),F35/E35,"") | K35: =IF(AND($C35<>"",F35>0),G35/F35,"") | L35: =IF(AND($C35<>"",F35>0),I35/F35,"") | M35: =IF($C35="","",IF(OR(F35=0,F35<Settings!$B$5),"Need more data",IF(AND(K35>=Settings!$B$6,L35>=Settings!$B$7),"Keep",IF(AND(K35<Settings!$B$6,L35<Settings!$B$7),"Drop","Watch")))) | N35: =IF($C35="","",IF(OR(F35>E35,G35>F35,E35<0,F35<0,G35<0,H35<0),"Check numbers","OK"))
I36: =IF($C36="","",G36*H36) | J36: =IF(AND($C36<>"",E36>0),F36/E36,"") | K36: =IF(AND($C36<>"",F36>0),G36/F36,"") | L36: =IF(AND($C36<>"",F36>0),I36/F36,"") | M36: =IF($C36="","",IF(OR(F36=0,F36<Settings!$B$5),"Need more data",IF(AND(K36>=Settings!$B$6,L36>=Settings!$B$7),"Keep",IF(AND(K36<Settings!$B$6,L36<Settings!$B$7),"Drop","Watch")))) | N36: =IF($C36="","",IF(OR(F36>E36,G36>F36,E36<0,F36<0,G36<0,H36<0),"Check numbers","OK"))
I37: =IF($C37="","",G37*H37) | J37: =IF(AND($C37<>"",E37>0),F37/E37,"") | K37: =IF(AND($C37<>"",F37>0),G37/F37,"") | L37: =IF(AND($C37<>"",F37>0),I37/F37,"") | M37: =IF($C37="","",IF(OR(F37=0,F37<Settings!$B$5),"Need more data",IF(AND(K37>=Settings!$B$6,L37>=Settings!$B$7),"Keep",IF(AND(K37<Settings!$B$6,L37<Settings!$B$7),"Drop","Watch")))) | N37: =IF($C37="","",IF(OR(F37>E37,G37>F37,E37<0,F37<0,G37<0,H37<0),"Check numbers","OK"))
I38: =IF($C38="","",G38*H38) | J38: =IF(AND($C38<>"",E38>0),F38/E38,"") | K38: =IF(AND($C38<>"",F38>0),G38/F38,"") | L38: =IF(AND($C38<>"",F38>0),I38/F38,"") | M38: =IF($C38="","",IF(OR(F38=0,F38<Settings!$B$5),"Need more data",IF(AND(K38>=Settings!$B$6,L38>=Settings!$B$7),"Keep",IF(AND(K38<Settings!$B$6,L38<Settings!$B$7),"Drop","Watch")))) | N38: =IF($C38="","",IF(OR(F38>E38,G38>F38,E38<0,F38<0,G38<0,H38<0),"Check numbers","OK"))
I39: =IF($C39="","",G39*H39) | J39: =IF(AND($C39<>"",E39>0),F39/E39,"") | K39: =IF(AND($C39<>"",F39>0),G39/F39,"") | L39: =IF(AND($C39<>"",F39>0),I39/F39,"") | M39: =IF($C39="","",IF(OR(F39=0,F39<Settings!$B$5),"Need more data",IF(AND(K39>=Settings!$B$6,L39>=Settings!$B$7),"Keep",IF(AND(K39<Settings!$B$6,L39<Settings!$B$7),"Drop","Watch")))) | N39: =IF($C39="","",IF(OR(F39>E39,G39>F39,E39<0,F39<0,G39<0,H39<0),"Check numbers","OK"))
I40: =IF($C40="","",G40*H40) | J40: =IF(AND($C40<>"",E40>0),F40/E40,"") | K40: =IF(AND($C40<>"",F40>0),G40/F40,"") | L40: =IF(AND($C40<>"",F40>0),I40/F40,"") | M40: =IF($C40="","",IF(OR(F40=0,F40<Settings!$B$5),"Need more data",IF(AND(K40>=Settings!$B$6,L40>=Settings!$B$7),"Keep",IF(AND(K40<Settings!$B$6,L40<Settings!$B$7),"Drop","Watch")))) | N40: =IF($C40="","",IF(OR(F40>E40,G40>F40,E40<0,F40<0,G40<0,H40<0),"Check numbers","OK"))
I41: =IF($C41="","",G41*H41) | J41: =IF(AND($C41<>"",E41>0),F41/E41,"") | K41: =IF(AND($C41<>"",F41>0),G41/F41,"") | L41: =IF(AND($C41<>"",F41>0),I41/F41,"") | M41: =IF($C41="","",IF(OR(F41=0,F41<Settings!$B$5),"Need more data",IF(AND(K41>=Settings!$B$6,L41>=Settings!$B$7),"Keep",IF(AND(K41<Settings!$B$6,L41<Settings!$B$7),"Drop","Watch")))) | N41: =IF($C41="","",IF(OR(F41>E41,G41>F41,E41<0,F41<0,G41<0,H41<0),"Check numbers","OK"))
I42: =IF($C42="","",G42*H42) | J42: =IF(AND($C42<>"",E42>0),F42/E42,"") | K42: =IF(AND($C42<>"",F42>0),G42/F42,"") | L42: =IF(AND($C42<>"",F42>0),I42/F42,"") | M42: =IF($C42="","",IF(OR(F42=0,F42<Settings!$B$5),"Need more data",IF(AND(K42>=Settings!$B$6,L42>=Settings!$B$7),"Keep",IF(AND(K42<Settings!$B$6,L42<Settings!$B$7),"Drop","Watch")))) | N42: =IF($C42="","",IF(OR(F42>E42,G42>F42,E42<0,F42<0,G42<0,H42<0),"Check numbers","OK"))
I43: =IF($C43="","",G43*H43) | J43: =IF(AND($C43<>"",E43>0),F43/E43,"") | K43: =IF(AND($C43<>"",F43>0),G43/F43,"") | L43: =IF(AND($C43<>"",F43>0),I43/F43,"") | M43: =IF($C43="","",IF(OR(F43=0,F43<Settings!$B$5),"Need more data",IF(AND(K43>=Settings!$B$6,L43>=Settings!$B$7),"Keep",IF(AND(K43<Settings!$B$6,L43<Settings!$B$7),"Drop","Watch")))) | N43: =IF($C43="","",IF(OR(F43>E43,G43>F43,E43<0,F43<0,G43<0,H43<0),"Check numbers","OK"))
I44: =IF($C44="","",G44*H44) | J44: =IF(AND($C44<>"",E44>0),F44/E44,"") | K44: =IF(AND($C44<>"",F44>0),G44/F44,"") | L44: =IF(AND($C44<>"",F44>0),I44/F44,"") | M44: =IF($C44="","",IF(OR(F44=0,F44<Settings!$B$5),"Need more data",IF(AND(K44>=Settings!$B$6,L44>=Settings!$B$7),"Keep",IF(AND(K44<Settings!$B$6,L44<Settings!$B$7),"Drop","Watch")))) | N44: =IF($C44="","",IF(OR(F44>E44,G44>F44,E44<0,F44<0,G44<0,H44<0),"Check numbers","OK"))
I45: =IF($C45="","",G45*H45) | J45: =IF(AND($C45<>"",E45>0),F45/E45,"") | K45: =IF(AND($C45<>"",F45>0),G45/F45,"") | L45: =IF(AND($C45<>"",F45>0),I45/F45,"") | M45: =IF($C45="","",IF(OR(F45=0,F45<Settings!$B$5),"Need more data",IF(AND(K45>=Settings!$B$6,L45>=Settings!$B$7),"Keep",IF(AND(K45<Settings!$B$6,L45<Settings!$B$7),"Drop","Watch")))) | N45: =IF($C45="","",IF(OR(F45>E45,G45>F45,E45<0,F45<0,G45<0,H45<0),"Check numbers","OK"))
I46: =IF($C46="","",G46*H46) | J46: =IF(AND($C46<>"",E46>0),F46/E46,"") | K46: =IF(AND($C46<>"",F46>0),G46/F46,"") | L46: =IF(AND($C46<>"",F46>0),I46/F46,"") | M46: =IF($C46="","",IF(OR(F46=0,F46<Settings!$B$5),"Need more data",IF(AND(K46>=Settings!$B$6,L46>=Settings!$B$7),"Keep",IF(AND(K46<Settings!$B$6,L46<Settings!$B$7),"Drop","Watch")))) | N46: =IF($C46="","",IF(OR(F46>E46,G46>F46,E46<0,F46<0,G46<0,H46<0),"Check numbers","OK"))
... I304: =IF($C304="","",G304*H304) | J304: =IF(AND($C304<>"",E304>0),F304/E304,"") | K304: =IF(AND($C304<>"",F304>0),G304/F304,"") | L304: =IF(AND($C304<>"",F304>0),I304/F304,"") | M304: =IF($C304="","",IF(OR(F304=0,F304<Settings!$B$5),"Need more data",IF(AND(K304>=Settings!$B$6,L304>=Settings!$B$7),"Keep",IF(AND(K304<Settings!$B$6,L304<Settings!$B$7),"Drop","Watch")))) | N304: =IF($C304="","",IF(OR(F304>E304,G304>F304,E304<0,F304<0,G304<0,H304<0),"Check numbers","OK"))
